judge_key,display_name,position
abishi-c-cunningham,Abishi C Cunningham,unstated
adam-donald-bourgeois,Adam Donald Bourgeois,unstated
adrienne-davis,Adrienne Davis,unstated
aileen-bhandari,Aileen Bhandari,unstated
aleksandra-gillespie,Aleksandra Gillespie,unstated
alfred-l-levinson,Alfred L Levinson,unstated
alfredo-maldonado,Alfredo Maldonado,unstated
allen-f-murphy,Allen F Murphy,unstated
andreana-a-turano,Andreana A Turano,unstated
andrew-berman,Andrew Berman,unstated
angela-munari-petrone,Angela Munari Petrone,unstated
anita-rivkin-carothers,Anita Rivkin-Carothers,unstated
anjana-hansen,Anjana Hansen,unstated
ankur-srivastava,Ankur Srivastava,unstated
ann-houser,Ann Houser,unstated
anna-helen-demacopoulos,Anna Helen Demacopoulos,unstated
anne-collins,Anne Collins,unstated
annie-odonnell,Annie ODONNELL,unstated
anthony-a-iosco,Anthony A Iosco,unstated
anthony-c-kyriakopoulos,Anthony C Kyriakopoulos,unstated
anthony-john-calabrese,Anthony John Calabrese,unstated
anthony-l-burrell,Anthony L Burrell,unstated
arnette-r-hubbard,Arnette R Hubbard,unstated
arthur-c-perivolidis,Arthur C Perivolidis,unstated
arthur-f-hill,Arthur F Hill,unstated
arthur-wesley-willis,Arthur Wesley Willis,unstated
barbara-lynette-dawkins,Barbara Lynette Dawkins,unstated
beatriz-santiago,Beatriz Santiago,unstated
bertina-e-lampkin,Bertina E Lampkin,unstated
bettina-m-gembala,Bettina M Gembala,unstated
brian-k-flaherty,Brian K Flaherty,unstated
bridget-jane-hughes,Bridget Jane Hughes,unstated
brigid-mary-mcgrath,Brigid Mary McGrath,unstated
callie-lynn-baird,Callie Lynn Baird,unstated
camille-e-willis,Camille E Willis,unstated
candace-jean-fabri,Candace Jean Fabri,unstated
carl-anthony-walker,Carl Anthony Walker,unstated
carl-b-boyd,Carl B Boyd,unstated
carmen-aguilar,Carmen Aguilar,unstated
carol-a-kelly,Carol A Kelly,unstated
carol-a-kipperman,Carol A Kipperman,unstated
carol-m-howard,Carol M Howard,unstated
carol-pearce-mccarthy,Carol Pearce McCarthy,unstated
caroline-glennon-goodman,Caroline Glennon-Goodman,unstated
carolyn-quinn,Carolyn Quinn,unstated
casandra-lewis,Casandra Lewis,unstated
catherine-marie-haberkorn,Catherine Marie Haberkorn,unstated
charles-beach,Charles Beach,unstated
charles-m-loverde,Charles M Loverde,unstated
charles-p-burns,Charles P Burns,unstated
cheryl-d-cesario,Cheryl D Cesario,unstated
cheyrl-d-ingram,Cheyrl D Ingram,unstated
christopher-j-donnelly,Christopher J Donnelly,unstated
christy-s-berkos,Christy S Berkos,unstated
claudia-grace-conlon,Claudia Grace Conlon,unstated
clayton-jay-crane,Clayton Jay Crane,unstated
colleen-ann-hyland,Colleen Ann Hyland,unstated
colleen-f-sheehan,Colleen F Sheehan,unstated
colleen-mcsweeney-moore,Colleen Mcsweeney Moore,unstated
curtis-heaston,Curtis Heaston,unstated
cynthia-ramirez,Cynthia Ramirez,unstated
cyril-watson,Cyril Watson,unstated
daniel-darcy,Daniel Darcy,unstated
daniel-e-jordan,Daniel E Jordan,unstated
daniel-e-maloney,Daniel E Maloney,unstated
daniel-gallagher,Daniel Gallagher,unstated
daniel-j-o-brien,Daniel J O'Brien,unstated
daniel-j-pierce,Daniel J Pierce,unstated
daniel-j-sullivan,Daniel J Sullivan,unstated
daniel-joseph-lynch,Daniel Joseph Lynch,unstated
daniel-kelley,Daniel Kelley,unstated
daniel-patrick-brennan,Daniel Patrick Brennan,unstated
daniel-peters,Daniel Peters,unstated
daniel-s-weber,Daniel S Weber,unstated
daniel-t-gillespie,Daniel T Gillespie,unstated
daniel-tiernan,Daniel Tiernan,unstated
darron-edward-bowden,Darron Edward Bowden,unstated
darryl-b-simko,Darryl B Simko,unstated
daryl-jones,Daryl Jones,unstated
david-a-skryd,David A Skryd,unstated
david-delgado,David Delgado,unstated
david-erickson,David Erickson,unstated
david-kelly,David Kelly,unstated
david-linn,David Linn,unstated
david-navarro,David Navarro,unstated
david-p-sterba,David P Sterba,unstated
deborah-mary-dooling,Deborah Mary Dooling,unstated
debra-ann-seaton,Debra Ann Seaton,unstated
deidre-dyer,Deidre Dyer,unstated
demetrios-g-kottaras,Demetrios G Kottaras,unstated
denise-kathleen-filan,Denise Kathleen Filan,unstated
dennis-a-dernbach,Dennis A Dernbach,unstated
dennis-j-porter,Dennis J Porter,unstated
diana-kenworthy,Diana Kenworthy,unstated
diane-gordon-cannon,Diane Gordon Cannon,unstated
domenica-a-stephenson,Domenica A Stephenson,unstated
donald-d-panarese,Donald D Panarese,unstated
donald-e-joyce,Donald E Joyce,unstated
donald-j-o-brien,Donald J O'Brien,unstated
donald-lowery,Donald Lowery,unstated
donald-r-havis,Donald R Havis,unstated
donna-phelps-felton,Donna Phelps Felton,unstated
dorothy-f-jones,Dorothy F Jones,unstated
dorothy-kirie-kinnaird,Dorothy Kirie Kinnaird,unstated
doug-simpson,Doug Simpson,unstated
earl-b-hoffenberg,Earl B Hoffenberg,unstated
earl-strayhorn,Earl Strayhorn,unstated
eddie-stephens,Eddie Stephens,unstated
edmund-ponce-de-leon,Edmund Ponce De Leon,unstated
edward-a-antonietti,Edward A Antonietti,unstated
edward-james-maloney,Edward James Maloney,unstated
edward-m-fiala,Edward M Fiala,unstated
edward-n-pietrucha,Edward N Pietrucha,unstated
edward-s-harmening,Edward S Harmening,unstated
edwin-a-gausselin,Edwin A Gausselin,unstated
eileen-m-brewer,Eileen M Brewer,unstated
eileen-o-neill-burke,Eileen O'Neill Burke,unstated
elizabeth-ciaccia-lezza,Elizabeth Ciaccia-Lezza,unstated
elizabeth-hayes,Elizabeth Hayes,unstated
elizabeth-loredo-rivera,Elizabeth Loredo Rivera,unstated
ellen-mandeltort,ELLEN MANDELTORT,unstated
eric-m-sauceda,Eric M Sauceda,unstated
erica-l-reddick,Erica L Reddick,unstated
erika-orr,Erika Orr,unstated
erin-haggerty-antonietti,Erin Haggerty Antonietti,unstated
eulalia-v-de-la-rosa,Eulalia V. De La Rosa,unstated
evelyn-b-clay,Evelyn B Clay,unstated
francis-mahon,Francis Mahon,unstated
francis-x-golniewicz,Francis X Golniewicz,unstated
frank-castiglione,Frank Castiglione,unstated
frank-deboni,Frank Deboni,unstated
frank-g-zelezinski,Frank G Zelezinski,unstated
frank-john-andreou,Frank John Andreou,unstated
frank-petrone,Frank Petrone,unstated
frank-w-meekins,Frank W Meekins,unstated
fred-suria,Fred Suria,unstated
garritt-e-howard,Garritt E Howard,unstated
gary-howard,Gary Howard,unstated
gary-l-brownfield,Gary L Brownfield,unstated
geary-w-kull,Geary W Kull,unstated
george-a-higgins,George A Higgins,unstated
gerald-t-rohrer,Gerald T Rohrer,unstated
geraldine-a-d-souza,Geraldine A D'Souza,unstated
gerardo-tristan,Gerardo Tristan,unstated
gilbert-j-grossi,Gilbert J Grossi,unstated
gloria-chevere,Gloria Chevere,unstated
grace-g-dickler,Grace G Dickler,unstated
gregory-j-wojkowski,Gregory J Wojkowski,unstated
gregory-m-o-brien,Gregory M O'Brien,unstated
gregory-paul-vazquez,Gregory Paul Vazquez,unstated
gregory-robert-ginex,Gregory Robert Ginex,unstated
gunning-hobart,Gunning Hobart,unstated
henry-r-simmons,Henry R Simmons,unstated
howard-l-fink,Howard L Fink,unstated
hyman-i-riebman,Hyman I Riebman,unstated
israel-a-desierto,Israel A Desierto,unstated
jack-hagerty,Jack Hagerty,unstated
jackie-portman,Jackie Portman,unstated
james-a-condon,James A Condon,unstated
james-a-shapiro,James A Shapiro,unstated
james-a-zafiratos,James A Zafiratos,unstated
james-b-linn,James B Linn,unstated
james-c-murray,James C Murray,unstated
james-d-egan,James D Egan,unstated
james-j-gavin,James J Gavin,unstated
james-j-heyda,James J Heyda,unstated
james-l-henry,James L Henry,unstated
james-l-rhodes,James L Rhodes,unstated
james-m-schreier,James M Schreier,unstated
james-michael-obbish,James Michael Obbish,unstated
james-moran,James Moran,unstated
james-n-karahalios,James N Karahalios,unstated
james-n-o-hara,James N O'Hara,unstated
james-novy,James Novy,unstated
james-p-etchingham,James P Etchingham,unstated
james-p-flannery,James P Flannery,unstated
james-p-mccarthy,James P McCarthy,unstated
james-p-mccourt,James P Mccourt,unstated
james-p-o-malley,James P O'Malley,unstated
james-patrick-murphy,James Patrick Murphy,unstated
james-r-brown,James R Brown,unstated
james-r-carroll,James R Carroll,unstated
james-r-epstein,James R Epstein,unstated
james-w-kennedy,James W Kennedy,unstated
jamie-g-dickler,Jamie G Dickler,unstated
janet-adams-brosnahan,Janet Adams Brosnahan,unstated
jeanine-wrenn,Jeanine Wrenn,unstated
jeanne-marie-reynolds,Jeanne Marie Reynolds,unstated
jeffery-g-chrones,Jeffery G Chrones,unstated
jeffrey-a-malak,Jeffrey A Malak,unstated
jeffrey-l-warnick,Jeffrey L Warnick,unstated
jennifer-duncan-brice,Jennifer Duncan-Brice,unstated
jennifer-frances-coleman,Jennifer Frances Coleman,unstated
jerome-celis-barrido,Jerome Celis Barrido,unstated
jesse-outlaw,Jesse Outlaw,unstated
jill-marisie,Jill Marisie,unstated
jim-ryan,Jim Ryan,unstated
joan-corboy,Joan Corboy,unstated
joan-margaret-o-brien,Joan Margaret O'Brien,unstated
joanne-rosado,Joanne Rosado,unstated
joel-l-greenblatt,Joel L Greenblatt,unstated
john-a-wasilewski,John A Wasilewski,unstated
john-b-grogan,John B Grogan,unstated
john-brady,John Brady,unstated
john-c-griffin,John C Griffin,unstated
john-d-tourtelot,John D Tourtelot,unstated
john-d-turner,John D Turner,unstated
john-f-lyke,John F Lyke,unstated
john-fairman,John Fairman,unstated
john-fotopoulos,John Fotopoulos,unstated
john-j-fleming,John J Fleming,unstated
john-j-moran,John J Moran,unstated
john-j-scotillo,John J Scotillo,unstated
john-joseph-hynes,John Joseph Hynes,unstated
john-k-madden,John K Madden,unstated
john-mahoney,John Mahoney,unstated
john-mannion,John Mannion,unstated
john-morrissey,John Morrissey,unstated
john-owen-steele,John Owen Steele,unstated
john-p-kirby,John P Kirby,unstated
john-t-doody,John T Doody,unstated
john-wellington-wilson,John Wellington Wilson,unstated
jorge-luis-alonso,Jorge Luis Alonso,unstated
joseph-cataldo,Joseph Cataldo,unstated
joseph-d-panarese,Joseph D Panarese,unstated
joseph-g-kazmierski,Joseph G Kazmierski,unstated
joseph-j-urso,Joseph J Urso,unstated
joseph-m-gump,Joseph M Gump,unstated
joseph-m-macellaio,Joseph M Macellaio,unstated
joseph-m-sconza,Joseph M Sconza,unstated
joseph-michael-claps,Joseph Michael Claps,unstated
joseph-romano,Joseph Romano,unstated
joseph-schwaba,Joseph Schwaba,unstated
joy-viriginia-cunningham,Joy Viriginia Cunningham,unstated
joyce-marie-murphy-gorman,Joyce Marie Murphy Gorman,unstated
judy-mitchell-davis,Judy Mitchell-Davis,unstated
karen-j-bowes,Karen J Bowes,unstated
karen-l-o-malley,Karen L O'Malley,unstated
karen-tobin,Karen Tobin,unstated
kate-moreland,Kate Moreland,unstated
kathaleen-lanahan,Kathaleen Lanahan,unstated
kathleen-ann-panozzo,Kathleen Ann Panozzo,unstated
kathleen-g-kennedy,Kathleen G Kennedy,unstated
kathleen-m-mcgury,Kathleen M McGury,unstated
kathleen-m-pantle,Kathleen M Pantle,unstated
kathleen-marie-burke,Kathleen Marie Burke,unstated
kay-m-hanlon,Kay M Hanlon,unstated
kelly-marie-mccarthy,Kelly Marie McCarthy,unstated
kenneth-j-wadas,Kenneth J Wadas,unstated
kenneth-l-fletcher,Kenneth L Fletcher,unstated
kerry-m-kennedy,Kerry M Kennedy,unstated
ketki-steffan,Ketki Steffan,unstated
kevin-m-sheehan,Kevin M Sheehan,unstated
kevin-p-cunningham,Kevin P Cunningham,unstated
kevin-t-lee,Kevin T Lee,unstated
kristyna-c-ryan,Kristyna C Ryan,unstated
laguina-clay-clark,Laguina Clay-Clark,unstated
lakshmi-elkhanialy-jha,Lakshmi Elkhanialy Jha,unstated
lana-c-johnson,Lana C Johnson,unstated
larry-g-axelrood,Larry G Axelrood,unstated
laura-ayala-gonzalez,Laura Ayala-Gonzalez,unstated
laura-bertucci-smith,Laura Bertucci Smith,unstated
laura-m-sullivan,Laura M Sullivan,unstated
lauren-gottainer-edidin,Lauren Gottainer Edidin,unstated
laurence-j-dunford,Laurence J Dunford,unstated
lawrence-edward-flood,Lawrence Edward Flood,unstated
lawrence-p-fox,Lawrence P Fox,unstated
lee-preston,Lee Preston,unstated
leo-holt,Leo Holt,unstated
leonard-murray,Leonard Murray,unstated
leroy-k-martin,Leroy K Martin,unstated
lester-mc-currie,Lester Mc Currie,unstated
lindsay-huge,Lindsay Huge,unstated
linzey-jones,Linzey Jones,unstated
lisa-r-curcio,Lisa R Curcio,unstated
lisette-catherine-mojica,Lisette Catherine Mojica,unstated
litricia-p-payne,Litricia P Payne,unstated
lon-william-shultz,Lon William Shultz,unstated
loretta-douglas,Loretta Douglas,unstated
loretta-eadie-daniels,Loretta Eadie-Daniels,unstated
loretta-morgan,Loretta Morgan,unstated
lorraine-mary-murphy,Lorraine Mary Murphy,unstated
luciano-panici,Luciano Panici,unstated
marc-w-martin,Marc W Martin,unstated
marcia-b-orr,Marcia B Orr,unstated
marcia-maras,Marcia Maras,unstated
marcus-r-salone,Marcus R Salone,unstated
margaret-a-brennan,Margaret A Brennan,unstated
margaret-o-mara-frossard,Margaret O'Mara Frossard,unstated
margaret-ogarek,Margaret Ogarek,unstated
margarita-t-kulys-hoffman,Margarita T Kulys Hoffman,unstated
maria-kuriakos-ciesil,Maria Kuriakos Ciesil,unstated
marianne-jackson,Marianne Jackson,unstated
mariano-ricardo-reyna,Mariano Ricardo Reyna,unstated
maritza-martinez,Maritza Martinez,unstated
marjorie-c-laws,Marjorie C Laws,unstated
marsha-d-hayes,Marsha D Hayes,unstated
martin-c-kelley,Martin C Kelley,unstated
martin-d-coghlan,Martin D Coghlan,unstated
martin-j-berry,Martin J Berry,unstated
martin-paul-moltz,Martin Paul Moltz,unstated
martin-s-agran,Martin S Agran,unstated
marvin-p-luckman,Marvin P Luckman,unstated
mary-anna-planey,Mary Anna Planey,unstated
mary-c-marubio,Mary C Marubio,unstated
mary-c-roberts,Mary C Roberts,unstated
mary-ellen-coghlan,Mary Ellen Coghlan,unstated
mary-jane-theis,Mary Jane Theis,unstated
mary-l-mikva,Mary L Mikva,unstated
mary-margaret-brosnahan,Mary Margaret Brosnahan,unstated
mary-maxwell-thomas,Mary Maxwell Thomas,unstated
mary-sevandal-cohen,Mary Sevandal-Cohen,unstated
marya-nega,Marya Nega,unstated
maryam-ahmad,Maryam Ahmad,unstated
matthew-carmody,Matthew Carmody,unstated
matthew-e-coghlan,Matthew E Coghlan,unstated
maura-slattery-boyle,Maura Slattery Boyle,unstated
maureen-e-connors,Maureen E Connors,unstated
maureen-p-feerick,Maureen P Feerick,unstated
maurice-pompey,Maurice Pompey,unstated
mauricio-araujo,Mauricio Araujo,unstated
megan-goldish,Megan Goldish,unstated
melvin-j-cole,Melvin J Cole,unstated
michael-b-bolan,Michael B Bolan,unstated
michael-b-hyman,Michael B Hyman,unstated
michael-b-mchale,Michael B McHale,unstated
michael-brown,Michael Brown,unstated
michael-c-close,Michael C Close,unstated
michael-clancy,Michael Clancy,unstated
michael-getty,Michael Getty,unstated
michael-hogan,Michael Hogan,unstated
michael-j-gallagher,Michael J Gallagher,unstated
michael-j-hood,Michael J Hood,unstated
michael-j-howlett,Michael J Howlett,unstated
michael-kane,Michael Kane,unstated
michael-mullen,Michael Mullen,unstated
michael-murray,Michael Murray,unstated
michael-nando-pattarozzi,Michael Nando Pattarozzi,unstated
michael-p-gerber,Michael P Gerber,unstated
michael-p-toomin,Michael P Toomin,unstated
michele-ann-gemskie,Michele Ann Gemskie,unstated
michele-m-pitman,Michele M Pitman,unstated
michelle-d-jordan,Michelle D Jordan,unstated
mohammad-adbelal-ahmad,Mohammad Adbelal Ahmad,unstated
mohammed-ghouse,Mohammed Ghouse,unstated
nancy-d-sheehan,Nancy D Sheehan,unstated
nancy-j-arnold,Nancy J Arnold,unstated
natosha-cuyler-toller,Natosha Cuyler Toller,unstated
neera-walsh,Neera Walsh,unstated
neil-cohen,Neil Cohen,unstated
neil-j-linehan,Neil J Linehan,unstated
nicholas-kantas,Nicholas Kantas,unstated
nicholas-pomaro,Nicholas Pomaro,unstated
nicholas-r-ford,Nicholas R Ford,unstated
noreen-valeria-love,Noreen Valeria Love,unstated
pamela-a-leeming,Pamela A Leeming,unstated
pamela-e-hill-veal,Pamela E. Hill Veal,unstated
pamela-g-karahalios,Pamela G Karahalios,unstated
pamela-hughes-gillespie,Pamela Hughes Gillespie,unstated
pamela-j-stratigakis,Pamela J Stratigakis,unstated
patricia-m-martin,Patricia M Martin,unstated
patrick-coughlin,Patrick Coughlin,unstated
patrick-foran-lustig,Patrick Foran Lustig,unstated
patrick-m-burns,Patrick M Burns,unstated
patrick-morse,Patrick Morse,unstated
patrick-rogers,Patrick Rogers,unstated
patrick-s-grossi,Patrick S Grossi,unstated
patrick-w-o-brien,Patrick W O'Brien,unstated
paul-j-nealis,Paul J Nealis,unstated
paul-p-biebel,Paul P Biebel,unstated
paul-s-pavlus,Paul S Pavlus,unstated
paul-stralka,Paul Stralka,unstated
paula-m-daleo,Paula M Daleo,unstated
peggy-chiampas,Peggy Chiampas,unstated
peter-a-felice,Peter A Felice,unstated
peter-flynn,Peter Flynn,unstated
peter-j-vilkelis,Peter J Vilkelis,unstated
peter-m-gonzalez,Peter M. Gonzalez,unstated
phillip-carey,Phillip Carey,unstated
preston-bowie,Preston Bowie,unstated
preston-jones,Preston Jones,unstated
ralph-reyna,Ralph Reyna,unstated
ramon-ocasio,Ramon Ocasio,unstated
raul-vega,Raul Vega,unstated
raymond-l-jagielski,Raymond L Jagielski,unstated
raymond-myles,Raymond Myles,unstated
regina-mescall,Regina Mescall,unstated
reginald-h-baker,Reginald H Baker,unstated
richard-a-kavitt,Richard A Kavitt,unstated
richard-a-lacien,Richard A Lacien,unstated
richard-anthony-stevens,Richard Anthony Stevens,unstated
richard-e-schwind,Richard E Schwind,unstated
richard-f-walsh,Richard F Walsh,unstated
richard-fitzgerald,Richard Fitzgerald,unstated
richard-j-billik,Richard J Billik,unstated
richard-neville,Richard Neville,unstated
richard-samuels,Richard Samuels,unstated
rickey-jones,Rickey Jones,unstated
rita-m-novak,Rita M Novak,unstated
robert-bastone,Robert Bastone,unstated
robert-cahill,Robert Cahill,unstated
robert-e-senechalle,Robert E Senechalle,unstated
robert-f-nix,Robert F Nix,unstated
robert-j-clifford,Robert J Clifford,unstated
robert-krop,Robert Krop,unstated
robert-kuzas,Robert Kuzas,unstated
robert-m-smierciak,Robert M Smierciak,unstated
robert-w-bertucci,Robert W Bertucci,unstated
robert-w-cushing,Robert W Cushing,unstated
robert-w-johnson,Robert W. Johnson,unstated
rodolfo-garcia,Rodolfo Garcia,unstated
roger-g-fein,Roger G Fein,unstated
romie-palmer,Romie Palmer,unstated
ronald-himel,Ronald Himel,unstated
ronald-j-crane,Ronald J Crane,unstated
ronald-s-davis,Ronald S Davis,unstated
rosa-m-silva,Rosa M Silva,unstated
rosemary-grant-higgins,Rosemary Grant Higgins,unstated
rouhy-j-shalabi,Rouhy J Shalabi,unstated
ruth-gudino,Ruth Gudino,unstated
samuel-b-epstein,Samuel B Epstein,unstated
samuel-j-betar,Samuel J Betar,unstated
sandi-g-johnson-spe,Sandi G Johnson-Spe,unstated
sandra-ramos,Sandra Ramos,unstated
sanjay-t-tailor,Sanjay T Tailor,unstated
sebastian-t-patti,Sebastian T Patti,unstated
sharon-arnold-kanter,Sharon Arnold Kanter,unstated
sharon-m-sullivan,Sharon M Sullivan,unstated
shauna-l-boliker,Shauna L Boliker,unstated
sheila-m-o-brien,Sheila M O'Brien,unstated
sheila-mcginnis,Sheila McGinnis,unstated
sheldon-c-garber,Sheldon C Garber,unstated
sheldon-gardner,Sheldon Gardner,unstated
sheldon-l-brown,Sheldon L Brown,unstated
shelley-sutker-dermer,Shelley Sutker-Dermer,unstated
shelli-d-williams-hayes,Shelli D Williams-Hayes,unstated
shelvin-singer,Shelvin Singer,unstated
sheree-d-henry,Sheree D Henry,unstated
sidney-a-jones,Sidney A Jones,unstated
sophia-atcherson,Sophia Atcherson,unstated
stanley-hill,Stanley Hill,unstated
stanley-sacks,Stanley Sacks,unstated
stephanie-d-saltouros,Stephanie D Saltouros,unstated
stephanie-miller,Stephanie Miller,unstated
stephen-j-connolly,Stephen J Connolly,unstated
stephen-schiller,Stephen Schiller,unstated
steven-g-watkins,Steven G Watkins,unstated
steven-j-goebel,Steven J Goebel,unstated
steven-j-rosenblum,Steven J Rosenblum,unstated
steven-m-wagner,Steven M Wagner,unstated
stuart-e-palmer,Stuart E Palmer,unstated
susan-j-mcdunn,Susan J McDunn,unstated
susan-sullivan,Susan Sullivan,unstated
susana-l-ortiz,Susana L Ortiz,unstated
terence-blair-smith,Terence Blair Smith,unstated
terence-maccarthy,Terence MacCarthy,unstated
teresa-molina,Teresa Molina,unstated
terry-gallagher,Terry Gallagher,unstated
thaddeus-l-wilson,Thaddeus L Wilson,unstated
thaddeus-v-adesko,Thaddeus V Adesko,unstated
themis-n-karnezis,Themis N Karnezis,unstated
thomas-a-hett,Thomas A Hett,unstated
thomas-byrne,Thomas Byrne,unstated
thomas-carmody,Thomas Carmody,unstated
thomas-dwyer,Thomas Dwyer,unstated
thomas-f-mcguire,Thomas F McGuire,unstated
thomas-h-fitzgerald,Thomas H Fitzgerald,unstated
thomas-j-carroll,Thomas J Carroll,unstated
thomas-j-condon,Thomas J Condon,unstated
thomas-j-hennelly,Thomas J Hennelly,unstated
thomas-j-kelley,Thomas J Kelley,unstated
thomas-j-o-hara,Thomas J O'Hara,unstated
thomas-m-davy,Thomas M Davy,unstated
thomas-m-tucker,Thomas M Tucker,unstated
thomas-maloney,Thomas Maloney,unstated
thomas-moran,Thomas Moran,unstated
thomas-more-donnelly,Thomas More Donnelly,unstated
thomas-nowinski,Thomas Nowinski,unstated
thomas-p-cawley,Thomas P Cawley,unstated
thomas-p-durkin,Thomas P Durkin,unstated
thomas-p-fecarotta,Thomas P Fecarotta,unstated
thomas-paul-panichi,Thomas Paul Panichi,unstated
thomas-r-sumner,Thomas R Sumner,unstated
thomas-v-gainer,Thomas V Gainer,unstated
thomas-v-lyons,Thomas V Lyons,unstated
thomas-w-murphy,Thomas W Murphy,unstated
tiana-blakely,Tiana Blakely,unstated
timothy-j-chambers,Timothy J Chambers,unstated
timothy-joseph-joyce,Timothy Joseph Joyce,unstated
tommy-brewer,Tommy Brewer,unstated
torrie-luciana-corbin,Torrie Luciana Corbin,unstated
travis-richardson,Travis Richardson,unstated
tyria-b-walton,Tyria B Walton,unstated
unknown-buoscio,Unknown Buoscio,unstated
ursula-walowski,URSULA WALOWSKI,unstated
vanessa-a-hopkins,Vanessa A Hopkins,unstated
victoria-a-stewart,Victoria A Stewart,unstated
vincent-bentivenga,Vincent Bentivenga,unstated
vincent-m-gaughan,Vincent M Gaughan,unstated
vincenzo-chimera,Vincenzo Chimera,unstated
walter-williams,Walter Williams,unstated
wilbur-crooks,Wilbur Crooks,unstated
will-e-gierach,Will E Gierach,unstated
william-aukstik,William Aukstik,unstated
william-b-raines,William B Raines,unstated
william-d-o-neal,William D O'Neal,unstated
william-g-gamboney,William G Gamboney,unstated
william-g-lacy,William G Lacy,unstated
william-g-pileggi,William G Pileggi,unstated
william-h-hooks,William H Hooks,unstated
william-h-wise,William H Wise,unstated
william-j-kunkle,William J Kunkle,unstated
william-nicholas-fahy,William Nicholas Fahy,unstated
william-o-maki,William O Maki,unstated
william-p-o-malley,William P O'Malley,unstated
william-prendergast,William Prendergast,unstated
william-stewart-boyd,William Stewart Boyd,unstated
william-t-o-brien,William T O'Brien,unstated
william-wood,William Wood,unstated
willie-wright,Willie Wright,unstated
yolande-m-bourgeois,Yolande M Bourgeois,unstated
